signal_name,num_samples,num_bands,same_length,all_finite,crest_factor_windows,min_band_crest_factor_db,max_band_crest_factor_db
pink_noise,2880000,14,True,True,840,2.7628704042996506,14.908182394950867
white_noise,2880000,14,True,True,840,5.242048448340007,14.80855504374521
octave_multitone,2880000,14,True,True,840,2.789751397629765,19.065411603876225
log_sweep,2880000,14,True,True,840,3.031406729573814,45.0342048414793
lfe_31hz_sine,2880000,14,True,True,840,1.6283921409931426,18.9754262641366
mid_1khz_sine,2880000,14,True,True,840,3.0102999566400026,32.95163219277534
